VOC,NOX,24NOX,M1M1O3,VOC CON,NOX CON
0,1,4.8431345,18.2141056,0.312689307,4.8431345
0,2,13.07437323,12.41697215,0.678180727,13.07437323
0,3,23.23433301,7.821882153,0.977067197,23.23433301
0,4,33.57199245,5.540227994,1.134632908,33.57199245
0,5,43.80122969,4.285421397,1.264160757,43.80122969
0,6,53.92562041,3.534515197,1.375091843,53.92562041
0,7,63.96123178,3.056478301,1.472422477,63.96123178
0,8,73.92177172,2.739052058,1.559102997,73.92177172
0,9,83.81957376,2.529818519,1.636589393,83.81957376
0,10,93.66056734,2.39934194,1.705741716,93.66056734
0,11,103.4514444,2.311217557,1.767374991,103.4514444
0,12,113.1970515,2.253092352,1.822065074,113.1970515
0,13,122.9055964,2.216703898,1.8706407,122.9055964
0,14,132.5782696,2.196343085,1.913628516,132.5782696
0,15,142.220006,2.18793464,1.951783289,142.220006
0,16,151.8330433,2.189610099,1.985574708,151.8330433
0,17,161.4208366,2.203123936,2.015581049,161.4208366
0,18,170.9853457,2.221217822,2.042268855,170.9853457
0,19,180.528509,2.242880031,2.066022236,180.528509
0,20,190.0534662,2.26723723,2.087249906,190.0534662
0,21,199.5591613,2.293776696,2.10617726,199.5591613
0,22,209.0491776,2.321969823,2.123169664,209.0491776
0,23,218.5208636,2.351462373,2.138381177,218.5208636
0,24,227.978443,2.381969524,2.152036798,227.978443
0,25,237.4204937,2.413239156,2.16429645,237.4204937
0,26,246.8496901,2.445080258,2.175361466,246.8496901
0,27,256.2681334,2.477341553,2.185336754,256.2681334
0,28,265.6708515,2.509910573,2.194311957,265.6708515
0,29,275.0626486,2.542677369,2.202415763,275.0626486
0,30,284.4406489,2.575564174,2.209693936,284.4406489
0,31,293.8088667,2.608511533,2.216288786,293.8088667
0,32,303.16866,2.641411787,2.222278168,303.16866
0,33,312.5182807,2.674268558,2.227661778,312.5182807
0,34,321.8598266,2.707015794,2.232531875,321.8598266
0,35,331.1883147,2.739641389,2.236895292,331.1883147
0,36,340.5085216,2.772097634,2.240817695,340.5085216
0,37,349.8185129,2.804367906,2.244336151,349.8185129
0,38,359.1207321,2.836435849,2.24749682,359.1207321
0,39,368.4172473,2.868274563,2.250318693,368.4172473
0,40,377.702878,2.899885556,2.252836553,377.702878
0,41,386.9812004,2.931244792,2.255072828,386.9812004
0,42,396.2510322,2.962350468,2.257049357,396.2510322
0,43,405.5121652,2.993190785,2.258793903,405.5121652
0,44,414.7669428,3.023758579,2.260311367,414.7669428
0,45,424.0134587,3.054048253,2.261620508,424.0134587
0,46,433.2533339,3.084057192,2.262744174,433.2533339
0,47,442.4864685,3.113780898,2.263695536,442.4864685
0,48,451.7131617,3.143233134,2.264469994,451.7131617
0,49,460.9322356,3.172383708,2.265110698,460.9322356
0,50,470.1460073,3.201220029,2.265631291,470.1460073
0.5,1,2.889068291,39.48816017,19.96626493,2.889068291
0.5,2,7.299851832,41.09662847,20.65014319,7.299851832
0.5,3,14.93624948,31.60368375,22.54262347,14.93624948
0.5,4,24.74083218,21.65271782,24.0304358,24.74083218
0.5,5,35.60084373,14.45383102,25.23547103,35.60084373
0.5,6,46.42790925,10.42333543,25.83966345,46.42790925
0.5,7,57.07082853,8.024381442,26.2784728,57.07082853
0.5,8,67.55146105,6.494724859,26.62746856,67.55146105
0.5,9,77.90738298,5.462770079,26.92284225,77.90738298
0.5,10,88.16240045,4.734418063,27.18198896,88.16240045
0.5,11,98.33854689,4.201878526,27.41686939,98.33854689
0.5,12,108.4444117,3.802982613,27.6321702,108.4444117
0.5,13,118.4901201,3.498292059,27.83201086,118.4901201
0.5,14,128.4773158,3.26286512,28.01724181,128.4773158
0.5,15,138.4135758,3.09719987,28.1901888,138.4135758
0.5,16,148.3025118,2.969425918,28.35140252,148.3025118
0.5,17,158.1434366,2.870713487,28.50056339,158.1434366
0.5,18,167.9408086,2.795048859,28.63870271,167.9408086
0.5,19,177.6951225,2.737958575,28.76571357,177.6951225
0.5,20,187.4128958,2.695790885,28.88289819,187.4128958
0.5,21,197.0940511,2.665753649,28.99036552,197.0940511
0.5,22,206.7423394,2.645647012,29.08892265,206.7423394
0.5,23,216.35993,2.633654095,29.17911779,216.35993
0.5,24,225.9456453,2.629783672,29.26109219,225.9456453
0.5,25,235.5052709,2.636079117,29.33599053,235.5052709
0.5,26,245.0396183,2.646337568,29.40450257,245.0396183
0.5,27,254.5510474,2.659826929,29.46713875,254.5510474
0.5,28,264.0419059,2.675983254,29.5246063,264.0419059
0.5,29,273.5150692,2.69435976,29.57753988,273.5150692
0.5,30,282.9685852,2.714549646,29.62593582,282.9685852
0.5,31,292.4038703,2.736266551,29.67035689,292.4038703
0.5,32,301.8260421,2.759219705,29.71159041,301.8260421
0.5,33,311.2297145,2.783202879,29.74926558,311.2297145
0.5,34,320.6196098,2.808030217,29.78413888,320.6196098
0.5,35,329.9957528,2.83352443,29.81634189,329.9957528
0.5,36,339.3609446,2.859550937,29.84635178,339.3609446
0.5,37,348.7102664,2.886027655,29.87385424,348.7102664
0.5,38,358.0488673,2.912833667,29.89946912,358.0488673
0.5,39,367.3767529,2.939911542,29.92333268,367.3767529
0.5,40,376.6965537,2.967175869,29.9458193,376.6965537
0.5,41,386.0040566,2.994555867,29.96659835,386.0040566
0.5,42,395.3001334,3.022017399,29.98588266,395.3001334
0.5,43,404.5897514,3.049494905,30.00413073,404.5897514
0.5,44,413.8691663,3.07697481,30.02112758,413.8691663
0.5,45,423.141918,3.104415804,30.03721225,423.141918
0.5,46,432.4020535,3.131802744,30.05200106,432.4020535
0.5,47,441.6550974,3.159093509,30.06593565,441.6550974
0.5,48,450.9026692,3.186266842,30.07922028,450.9026692
0.5,49,460.1411633,3.213309554,30.09161209,460.1411633
0.5,50,469.3704604,3.240211725,30.10315476,469.3704604
1,1,2.538708059,44.05437374,42.38205603,2.538708059
1,2,5.326706386,59.80506772,40.24483433,5.326706386
1,3,9.433185947,60.75311713,41.18168283,9.433185947
1,4,16.23546832,51.36111746,43.67397909,16.23546832
1,5,25.70337429,38.25339371,46.07038128,25.70337429
1,6,36.91018749,27.5457166,48.0015902,36.91018749
1,7,48.38985511,19.47255905,49.60003003,48.38985511
1,8,59.44357705,14.47871654,50.46032083,59.44357705
1,9,70.30651529,11.36046147,51.09782879,70.30651529
1,10,80.992228,9.272319623,51.60861189,80.992228
1,11,91.53664859,7.8121576,52.04048245,91.53664859
1,12,101.9726421,6.749777191,52.42252596,101.9726421
1,13,112.3164213,5.953612084,52.7669647,112.3164213
1,14,122.5879722,5.339653679,53.0868164,122.5879722
1,15,132.7952944,4.857226416,53.38639572,132.7952944
1,16,142.9447743,4.472239308,53.66906304,142.9447743
1,17,153.0437377,4.160497964,53.93889795,153.0437377
1,18,163.0971956,3.905869986,54.19771161,163.0971956
1,19,173.1011308,3.699480345,54.44328621,173.1011308
1,20,183.061867,3.544529626,54.67801499,183.061867
1,21,192.9832789,3.416931146,54.9031385,192.9832789
1,22,202.8605689,3.312343167,55.11584713,202.8605689
1,23,212.6984431,3.226843272,55.31769391,212.6984431
1,24,222.497036,3.157365217,55.50851813,222.497036
1,25,232.257844,3.101573014,55.68813452,232.257844
1,26,241.9824035,3.057335245,55.85666268,241.9824035
1,27,251.6705711,3.022965654,56.01412514,251.6705711
1,28,261.327648,2.996895801,56.16161344,261.327648
1,29,270.9535937,2.978015834,56.29925537,270.9535937
1,30,280.5487248,2.965259694,56.4269527,280.5487248
1,31,290.1143549,2.960776549,56.5453505,290.1143549
1,32,299.6534125,2.963833795,56.65513233,299.6534125
1,33,309.1703399,2.970182919,56.75758633,309.1703399
1,34,318.6624118,2.97935427,56.85229341,318.6624118
1,35,328.1331963,2.990906553,56.94025548,328.1331963
1,36,337.5844867,3.004528104,57.022161,337.5844867
1,37,347.0165909,3.01989729,57.09822039,347.0165909
1,38,356.4274994,3.036769372,57.16835228,356.4274994
1,39,365.8255588,3.054892539,57.23426761,365.8255588
1,40,375.2072261,3.074063427,57.29559365,375.2072261
1,41,384.5765905,3.09413299,57.35324845,384.5765905
1,42,393.9255532,3.114998962,57.4061061,393.9255532
1,43,403.2644493,3.136489853,57.45598904,403.2644493
1,44,412.5914309,3.158505737,57.50278455,412.5914309
1,45,421.9045998,3.180965393,57.5463246,421.9045998
1,46,431.2066881,3.203794663,57.5872447,431.2066881
1,47,440.500106,3.226906423,57.62595944,440.500106
1,48,449.7843445,3.250229797,57.66252311,449.7843445
1,49,459.0568684,3.273740711,57.69671167,459.0568684
1,50,468.3199305,3.297366863,57.72891359,468.3199305
1.5,1,2.368715455,45.11835753,66.52350574,2.368715455
1.5,2,4.771638797,66.45562976,62.21864728,4.771638797
1.5,3,7.523169674,77.29027612,60.98187277,7.523169674
1.5,4,11.44735582,78.30541644,61.9741826,11.44735582
1.5,5,17.54125436,70.29787938,64.56507656,17.54125436
1.5,6,26.15141133,56.30971696,67.48930646,26.15141133
1.5,7,37.19036799,42.58292754,70.1478399,37.19036799
1.5,8,49.54555537,31.62989329,72.34623734,49.54555537
1.5,9,61.51958771,23.24410811,74.14217744,61.51958771
1.5,10,72.69472844,17.76618518,75.15017324,72.69472844
1.5,11,83.67830528,14.22440084,75.9151229,83.67830528
1.5,12,94.49006825,11.75311094,76.53927466,94.49006825
1.5,13,105.1578735,9.971884699,77.07157644,105.1578735
1.5,14,115.7107121,8.647580877,77.54218821,115.7107121
1.5,15,126.1700448,7.634740016,77.96933104,126.1700448
1.5,16,136.5503384,6.841329659,78.36455689,136.5503384
1.5,17,146.8672486,6.20754953,78.73760699,146.8672486
1.5,18,157.1255126,5.693291507,79.09149806,157.1255126
1.5,19,167.3341921,5.269801372,79.4317543,167.3341921
1.5,20,177.4943415,4.918316999,79.75836123,177.4943415
1.5,21,187.6140821,4.623074359,80.07592417,187.6140821
1.5,22,197.6890944,4.374053281,80.38168142,197.6890944
1.5,23,207.728377,4.162649107,80.67979951,207.728377
1.5,24,217.7263221,3.994298508,80.96708023,217.7263221
1.5,25,227.6857416,3.856530226,81.2445048,227.6857416
1.5,26,237.6086612,3.739368619,81.51242631,237.6086612
1.5,27,247.4953033,3.639883246,81.77069358,247.4953033
1.5,28,257.346161,3.555658912,82.01885115,257.346161
1.5,29,267.1630772,3.484600209,82.25720908,267.1630772
1.5,30,276.9425679,3.425234599,82.48387109,276.9425679
1.5,31,286.6885325,3.375859881,82.69954667,286.6885325
1.5,32,296.3997245,3.335304139,82.90382951,296.3997245
1.5,33,306.078487,3.302448276,83.09720761,306.078487
1.5,34,315.7255884,3.276332792,83.27968797,315.7255884
1.5,35,325.3430425,3.256103887,83.45180271,325.3430425
1.5,36,334.930266,3.241060215,83.61334774,334.930266
1.5,37,344.4888793,3.233413789,83.76471199,344.4888793
1.5,38,354.0286629,3.233110218,83.90861559,354.0286629
1.5,39,363.5384083,3.235819024,84.04225291,363.5384083
1.5,40,373.0240059,3.241142888,84.16738569,373.0240059
1.5,41,382.4906655,3.248702075,84.28527609,382.4906655
1.5,42,391.9365153,3.258258261,84.39572671,391.9365153
1.5,43,401.3587156,3.269550447,84.49837338,401.3587156
1.5,44,410.7639021,3.282320924,84.59490044,410.7639021
1.5,45,420.1550185,3.296354326,84.68614432,420.1550185
1.5,46,429.5241024,3.311549159,84.77058611,429.5241024
1.5,47,438.8799885,3.32768504,84.850416,438.8799885
1.5,48,448.2249449,3.344649768,84.92615286,448.2249449
1.5,49,457.5550032,3.36235512,84.99720785,457.5550032
1.5,50,466.8684723,3.38067454,85.06340869,466.8684723
2,1,2.261145042,45.3798314,91.55006914,2.261145042
2,2,4.491220536,69.16990821,85.54823084,4.491220536
2,3,6.813896007,84.72628073,82.77674367,6.813896007
2,4,9.587662944,93.31315598,81.96305417,9.587662944
2,5,13.39077404,94.45851654,82.96431734,13.39077404
2,6,18.96738182,87.74848813,85.47879441,18.96738182
2,7,26.72845365,74.31970784,88.59911384,26.72845365
2,8,36.92859912,59.15251588,91.7166123,36.92859912
2,9,49.34666577,45.53132521,94.56036253,49.34666577
2,10,62.60879862,34.56470984,96.93375331,62.60879862
2,11,74.89365894,26.14123423,98.82347482,74.89365894
2,12,86.13254517,20.45515532,99.91279276,86.13254517
2,13,97.18758518,16.66610335,100.7642395,97.18758518
2,14,108.0778915,13.94148606,101.4687492,108.0778915
2,15,118.8280198,11.92761677,102.0755919,118.8280198
2,16,129.4632049,10.39852159,102.6148618,129.4632049
2,17,140.0045432,9.209729676,103.1066432,140.0045432
2,18,150.4661434,8.2673003,103.5622909,150.4661434
2,19,160.8626734,7.503874775,103.9934152,160.8626734
2,20,171.1997196,6.878748745,104.4027918,171.1997196
2,21,181.4853268,6.358532975,104.796253,181.4853268
2,22,191.7276273,5.920927603,105.1781681,191.7276273
2,23,201.924496,5.550310807,105.547141,201.924496
2,24,212.0834285,5.233241065,105.9075636,212.0834285
2,25,222.205281,4.960646822,106.2596799,222.205281
2,26,232.2905698,4.725134877,106.6031017,232.2905698
2,27,242.3379074,4.521258565,106.9365384,242.3379074
2,28,252.3536776,4.351402559,107.2639342,252.3536776
2,29,262.3408935,4.211916492,107.5859165,262.3408935
2,30,272.2876298,4.090888153,107.8956635,272.2876298
2,31,282.2029448,3.985630283,108.1983061,282.2029448
2,32,292.0830888,3.894417235,108.4898846,292.0830888
2,33,301.9332687,3.815386933,108.7732456,301.9332687
2,34,311.7472193,3.747294099,109.0455191,311.7472193
2,35,321.5315446,3.688746283,109.3085546,321.5315446
2,36,331.2838344,3.638665926,109.5610041,331.2838344
2,37,341.004506,3.596293171,109.8025332,341.004506
2,38,350.6914363,3.560748809,110.0322481,350.6914363
2,39,360.3518706,3.531165818,110.2522061,360.3518706
2,40,369.9814436,3.507023636,110.4608499,369.9814436
2,41,379.5802665,3.487694131,110.6580823,379.5802665
2,42,389.1552256,3.472559097,110.8460008,389.1552256
2,43,398.7030333,3.467197788,111.0235676,398.7030333
2,44,408.2242214,3.465578624,111.190941,408.2242214
2,45,417.724581,3.466524911,111.3500412,417.724581
2,46,427.1986638,3.469778559,111.4991541,427.1986638
2,47,436.6529049,3.475027353,111.6403678,436.6529049
2,48,446.0893353,3.482065166,111.7742686,446.0893353
2,49,455.5041343,3.490685985,111.9000533,455.5041343
2,50,464.8979162,3.500684482,112.0181257,464.8979162
2.5,1,2.184780986,45.39311218,117.1012502,2.184780986
2.5,2,4.312462838,70.4040261,109.6947146,4.312462838
2.5,3,6.428863284,88.47439492,105.7292428,6.428863284
2.5,4,8.762755035,101.0962768,103.6509154,8.762755035
2.5,5,11.56624929,108.3516647,103.1029074,11.56624929
2.5,6,15.28562922,109.5939061,104.1014286,15.28562922
2.5,7,20.49074563,103.9100267,106.4926127,20.49074563
2.5,8,27.56010947,91.49266172,109.6258587,27.56010947
2.5,9,36.81328229,76.10176476,112.9511074,36.81328229
2.5,10,48.4846055,60.99309979,116.2271056,48.4846055
2.5,11,62.11925912,47.52713489,119.2098957,62.11925912
2.5,12,76.0398396,36.69560543,121.6942931,76.0398396
2.5,13,88.44424349,28.41364843,123.601604,88.44424349
2.5,14,99.71130508,22.7211311,124.7336199,99.71130508
2.5,15,110.8073199,18.75880195,125.642842,110.8073199
2.5,16,121.7496894,15.87037267,126.4076978,121.7496894
2.5,17,132.5601408,13.68677997,127.0739577,132.5601408
2.5,18,143.2551993,12.00031485,127.6677036,143.2551993
2.5,19,153.8566205,10.67232091,128.210989,153.8566205
2.5,20,164.3785565,9.60525056,128.7159081,164.3785565
2.5,21,174.8355082,8.733394406,129.1942389,174.8355082
2.5,22,185.232927,8.012110518,129.649194,185.232927
2.5,23,195.5773639,7.407559911,130.0858519,195.5773639
2.5,24,205.8791691,6.89506228,130.510824,205.8791691
2.5,25,216.1358973,6.457681413,130.9216619,216.1358973
2.5,26,226.3574765,6.080302225,131.3255062,226.3574765
2.5,27,236.542723,5.752780576,131.7207885,236.542723
2.5,28,246.6904849,5.467559098,132.1067057,246.6904849
2.5,29,256.8093368,5.21767125,132.4876938,256.8093368
2.5,30,266.8960526,4.997555804,132.8625322,266.8960526
2.5,31,276.9517692,4.803674335,133.2302575,276.9517692
2.5,32,286.9754061,4.63995628,133.5908692,286.9754061
2.5,33,296.965457,4.50387066,133.9420521,296.965457
2.5,34,306.926395,4.38342071,134.2869005,306.926395
2.5,35,316.859252,4.277029201,134.625027,316.859252
2.5,36,326.7581971,4.183088936,134.9536902,326.7581971
2.5,37,336.6254076,4.100390899,135.2724689,336.6254076
2.5,38,346.46758,4.027544232,135.5850912,346.46758
2.5,39,356.2780997,3.963674278,135.8870923,356.2780997
2.5,40,366.055651,3.907889522,136.1781372,366.055651
2.5,41,375.8068341,3.859401495,136.4602903,375.8068341
2.5,42,385.5237782,3.817422277,136.7300263,385.5237782
2.5,43,395.2130531,3.781390003,136.9897728,395.2130531
2.5,44,404.8733566,3.750647632,137.2386147,404.8733566
2.5,45,414.5041534,3.724732444,137.4762041,414.5041534
2.5,46,424.1122348,3.703112503,137.7047867,424.1122348
2.5,47,433.6860201,3.68546915,137.9200876,433.6860201
2.5,48,443.241629,3.675991734,138.1274656,443.241629
2.5,49,452.7692607,3.671540346,138.3239198,452.7692607
2.5,50,462.27242,3.669558169,138.5103283,462.27242
3,1,2.126872498,45.31432984,142.9981261,2.126872498
3,2,4.185199734,71.01032421,134.380076,4.185199734
3,3,6.176454624,90.44523254,129.4211125,6.176454624
3,4,8.286016196,105.5714749,126.3678684,8.286016196
3,5,10.65147311,116.2880325,124.7171024,10.65147311
3,6,13.48506006,122.6438456,124.3570205,13.48506006
3,7,17.14512916,123.9419625,125.3510431,17.14512916
3,8,22.07853959,119.0111713,127.6157282,22.07853959
3,9,28.61027786,107.6079255,130.674223,28.61027786
3,10,37.03100937,92.67159058,134.0494862,37.03100937
3,11,47.71488418,77.09600137,137.541888,47.71488418
3,12,60.76458035,62.07727496,140.951799,60.76458035
3,13,75.44108062,48.82699358,144.0368219,75.44108062
3,14,89.76422689,38.2402748,146.5810357,89.76422689
3,15,102.1216486,30.229219,148.443955,102.1216486
3,16,113.3974911,24.61022852,149.5967488,113.3974911
3,17,124.5177299,20.55908826,150.5460918,124.5177299
3,18,135.4963656,17.56942301,151.357213,135.4963656
3,19,146.3473152,15.26726122,152.0696994,146.3473152
3,20,157.0883639,13.46270601,152.7094282,157.0883639
3,21,167.7357471,12.02180694,153.2952159,167.7357471
3,22,178.3057233,10.85287454,153.842027,178.3057233
3,23,188.809306,9.890395268,154.3595826,188.809306
3,24,199.2551128,9.08719724,154.8537193,199.2551128
3,25,209.6530163,8.407597794,155.3320596,209.6530163
3,26,220.0007048,7.829526631,155.7923108,220.0007048
3,27,230.3047243,7.333354772,156.2385611,230.3047243
3,28,240.5751582,6.901992983,156.6780883,240.5751582
3,29,250.8079669,6.526003592,157.1076138,250.8079669
3,30,261.0093718,6.195871074,157.5312228,261.0093718
3,31,271.1787027,5.904744076,157.9479009,271.1787027
3,32,281.3176709,5.646987928,158.3587328,281.3176709
3,33,291.4300312,5.417432958,158.7664844,291.4300312
3,34,301.5065119,5.213996598,159.1623128,301.5065119
3,35,311.5596615,5.031614611,159.5563614,311.5596615
3,36,321.5839249,4.878343341,159.9443145,321.5839249
3,37,331.5771704,4.747190426,160.3240446,331.5771704
3,38,341.5445083,4.629784044,160.6980194,341.5445083
3,39,351.4818686,4.524601149,161.0649941,351.4818686
3,40,361.3945849,4.430692812,161.4252711,361.3945849
3,41,371.2779945,4.346894807,161.7770094,371.2779945
3,42,381.1314179,4.272139171,162.119792,381.1314179
3,43,390.9584064,4.205564711,162.4544172,390.9584064
3,44,400.7548412,4.146514699,162.7788129,400.7548412
3,45,410.5228902,4.094245786,163.0935181,410.5228902
3,46,420.2617864,4.048207933,163.3974829,420.2617864
3,47,429.9716925,4.007678338,163.6911498,429.9716925
3,48,439.6544055,3.972328019,163.9745409,439.6544055
3,49,449.3098916,3.941658577,164.2473144,449.3098916
3,50,458.9428085,3.915177784,164.511121,458.9428085
3.5,1,2.081107917,45.19498389,169.1413673,2.081107917
3.5,2,4.088508516,71.30479791,159.4482486,4.088508516
3.5,3,5.994512777,91.54891814,153.6302215,5.994512777
3.5,4,7.964739657,108.1274859,149.7651478,7.964739657
3.5,5,10.09440881,121.2997028,147.2653596,10.09440881
3.5,6,12.49766146,130.6403932,145.9154433,12.49766146
3.5,7,15.36053528,136.3338249,145.6982875,15.36053528
3.5,8,18.97821505,137.6400645,146.6884343,18.97821505
3.5,9,23.70780046,133.2295014,148.8372719,23.70780046
3.5,10,29.82114481,122.7232132,151.7827492,29.82114481
3.5,11,37.56554921,108.5343211,155.1224678,37.56554921
3.5,12,47.30732082,93.120604,158.683145,47.30732082
3.5,13,59.38453912,77.46258561,162.3254436,59.38453912
3.5,14,73.72732917,62.55631343,165.8511681,73.72732917
3.5,15,89.22961231,49.60257911,168.998931,89.22961231
3.5,16,103.7056035,39.34762358,171.5583517,103.7056035
3.5,17,115.8933179,31.69700979,173.3297001,115.8933179
3.5,18,127.1696499,26.19650131,174.4924041,127.1696499
3.5,19,138.3055095,22.11253632,175.4721036,138.3055095
3.5,20,149.3078612,19.06751296,176.3182655,149.3078612
3.5,21,160.1887431,16.68586734,177.0676874,160.1887431
3.5,22,170.9607699,14.79490658,177.7420947,170.9607699
3.5,23,181.6461152,13.2655308,178.3661518,181.6461152
3.5,24,192.2553029,12.01454027,178.9497393,192.2553029
3.5,25,202.7961013,10.97666167,179.500313,202.7961013
3.5,26,213.282196,10.10204708,180.0296731,213.282196
3.5,27,223.7178115,9.359293668,180.5392858,223.7178115
3.5,28,234.1053718,8.72324727,181.0318004,234.1053718
3.5,29,244.4489864,8.173729489,181.5097404,244.4489864
3.5,30,254.7573418,7.694952773,181.9790324,254.7573418
3.5,31,265.0295684,7.275210762,182.4385081,265.0295684
3.5,32,275.2726145,6.904766307,182.8934193,275.2726145
3.5,33,285.4834072,6.575999468,183.341412,285.4834072
3.5,34,295.6675588,6.283708844,183.7847788,295.6675588
3.5,35,305.8224497,6.022430917,184.2227317,305.8224497
3.5,36,315.946652,5.789066598,184.652371,315.946652
3.5,37,326.0440781,5.578935857,185.0780554,326.0440781
3.5,38,336.1211786,5.389273537,185.5024685,336.1211786
3.5,39,346.1670307,5.218389523,185.9187348,346.1670307
3.5,40,356.18852,5.077961882,186.3312229,356.18852
3.5,41,366.1818891,4.95264576,186.7357853,366.1818891
3.5,42,376.1484157,4.839519397,187.1338796,376.1484157
3.5,43,386.0896533,4.737297802,187.5261516,386.0896533
3.5,44,396.0089601,4.644983836,187.9136281,396.0089601
3.5,45,405.8965972,4.561736406,188.2909487,405.8965972
3.5,46,415.7548443,4.486763654,188.6587535,415.7548443
3.5,47,425.5908102,4.419178703,189.0209503,425.5908102
3.5,48,435.3937475,4.358560404,189.3714631,435.3937475
3.5,49,445.177272,4.304093254,189.7160807,445.177272
3.5,50,454.9314221,4.255434018,190.0500437,454.9314221
4,1,2.043761516,45.05879463,195.4676854,2.043761516
4,2,4.011241631,71.43601844,184.79822,4.011241631
4,3,5.855507362,92.18698016,178.2198913,5.855507362
4,4,7.728728603,109.6684265,173.6510572,7.728728603
4,5,9.709667796,124.335719,170.4484316,9.709667796
4,6,11.86974929,136.0599916,168.3333552,11.86974929
4,7,14.31307126,144.3448034,167.2126258,14.31307126
4,8,17.20458242,149.5112863,167.1094026,17.20458242
4,9,20.79147798,150.7792069,168.096293,20.79147798
4,10,25.36378853,146.6960258,170.1419506,25.36378853
4,11,31.14762532,136.9684428,172.9615891,31.14762532
4,12,38.35176146,123.6059284,176.2218062,38.35176146
4,13,47.29082439,108.6746448,179.7657525,47.29082439
4,14,58.34717365,93.0082855,183.4930688,58.34717365
4,15,71.79994348,77.29024074,187.2755326,71.79994348
4,16,87.32069328,62.54637454,190.895745,87.32069328
4,17,103.3934611,49.97955448,194.0639231,103.3934611
4,18,117.7874264,40.12881061,196.5942873,117.7874264
4,19,129.7378291,32.89597728,198.2443971,129.7378291
4,20,141.011693,27.53227925,199.4123016,141.011693
4,21,152.1530393,23.46262351,200.4100574,152.1530393
4,22,163.1719498,20.39449287,201.2845301,163.1719498
4,23,174.0739545,17.96215964,202.0638201,174.0739545
4,24,184.8726068,16.00650281,202.7700564,184.8726068
4,25,195.5882085,14.41025262,203.4271138,195.5882085
4,26,206.224691,13.09347987,204.0386608,206.224691
4,27,216.7960349,11.99191089,204.6193598,216.7960349
4,28,227.3135139,11.05927825,205.1773116,227.3135139
4,29,237.7820962,10.26197799,205.71671,237.7820962
4,30,248.2059194,9.573822765,206.2403339,248.2059194
4,31,258.5842159,8.977237755,206.747902,258.5842159
4,32,268.9245301,8.455868847,207.2430981,268.9245301
4,33,279.2305457,7.996926322,207.7300571,279.2305457
4,34,289.5051413,7.590173803,208.2102312,289.5051413
4,35,299.7547639,7.228184191,208.6872004,299.7547639
4,36,309.970323,6.90466388,209.1550907,309.970323
4,37,320.1600251,6.614440678,209.6190588,320.1600251
4,38,330.3274525,6.352658393,210.0814954,330.3274525
4,39,340.4694419,6.116233578,210.5398578,340.4694419
4,40,350.5815686,5.902976639,210.9901929,350.5815686
4,41,360.6687029,5.709733633,211.4356412,360.6687029
4,42,370.7330256,5.533933751,211.8776932,370.7330256
4,43,380.7721971,5.379014565,212.315374,380.7721971
4,44,390.7855845,5.248161479,212.7467866,390.7855845
4,45,400.7710314,5.129133296,213.1708478,400.7710314
4,46,410.7393516,5.020656864,213.593217,410.7393516
4,47,420.6767733,4.922075153,214.005979,420.6767733
4,48,430.5883843,4.832285541,214.4116941,430.5883843
4,49,440.4781374,4.75050784,214.8119553,440.4781374
4,50,450.3428485,4.676066112,215.2057721,450.3428485
4.5,1,2.012656593,44.91293698,221.9377841,2.012656593
4.5,2,3.947558173,71.46740156,210.3689124,3.947558173
4.5,3,5.745182826,92.55081775,203.1024881,5.745182826
4.5,4,7.5464031,110.6197798,197.9089504,7.5464031
4.5,5,9.422823529,126.2539493,194.0961446,9.422823529
4.5,6,11.42641802,139.4972276,191.3494358,11.42641802
4.5,7,13.62211946,150.081689,189.5250408,13.62211946
4.5,8,16.10606002,157.5199436,188.5872382,16.10606002
4.5,9,19.02527498,162.236424,188.5771387,19.02527498
4.5,10,22.5899725,163.418955,189.5623497,22.5899725
4.5,11,27.03764696,159.5054913,191.5156784,27.03764696
4.5,12,32.5571942,150.4685985,194.2081921,32.5571942
4.5,13,39.3275083,137.9123865,197.3678311,39.3275083
4.5,14,47.60862685,123.6022966,200.8505391,47.60862685
4.5,15,57.74778825,108.2770871,204.5733859,57.74778825
4.5,16,70.13956421,92.39883051,208.4612788,70.13956421
4.5,17,84.94502966,76.64361487,212.3755613,84.94502966
4.5,18,101.4706637,62.14899737,216.0584241,101.4706637
4.5,19,117.8236532,50.07171055,219.1985054,117.8236532
4.5,20,131.9339559,40.68076499,221.6545702,131.9339559
4.5,21,143.6438321,33.87321638,223.1816905,143.6438321
4.5,22,154.9118278,28.660349,224.3501672,154.9118278
4.5,23,166.0530993,24.6365921,225.3586649,166.0530993
4.5,24,177.0827641,21.5696078,226.2566303,177.0827641
4.5,25,188.0001718,19.11093229,227.0604165,188.0001718
4.5,26,198.8228032,17.10743183,227.7966127,198.8228032
4.5,27,209.5592748,15.46226768,228.4785492,209.5592748
4.5,28,220.2207655,14.09200867,229.1174787,220.2207655
4.5,29,230.8194463,12.93831283,229.7262864,230.8194463
4.5,30,241.3612243,11.95688966,230.3089934,241.3612243
4.5,31,251.856914,11.11232988,230.8745723,251.856914
4.5,32,262.3048801,10.38145451,231.419866,262.3048801
4.5,33,272.7142264,9.743676399,231.9547752,272.7142264
4.5,34,283.0838403,9.183879174,232.4759555,283.0838403
4.5,35,293.4223022,8.689248397,232.9901329,293.4223022
4.5,36,303.7254612,8.249992052,233.4942072,303.7254612
4.5,37,314.0014549,7.857868658,233.9927918,314.0014549
4.5,38,324.2465047,7.506237459,234.4842347,324.2465047
4.5,39,334.4689728,7.189142099,234.9739405,334.4689728
4.5,40,344.6654323,6.902639074,235.4593059,344.6654323
4.5,41,354.8364307,6.643548269,235.9396574,354.8364307
4.5,42,364.9889117,6.407262799,236.4209691,364.9889117
4.5,43,375.1104886,6.192908392,236.8924568,375.1104886
4.5,44,385.2063877,5.997580836,237.3583837,385.2063877
4.5,45,395.2816954,5.818922914,237.8222189,395.2816954
4.5,46,405.3326262,5.65554123,238.280684,405.3326262
4.5,47,415.3583788,5.518466816,238.7341181,415.3583788
4.5,48,425.3661047,5.395162391,239.1855075,425.3661047
4.5,49,435.3523726,5.282074029,239.6331938,435.3523726
4.5,50,445.3116998,5.178424209,240.073241,445.3116998
5,1,1.986306568,44.76457154,248.5214991,1.986306568
5,2,3.893656775,71.43627734,236.1157407,3.893656775
5,3,5.655113037,92.74507062,228.2169399,5.655113037
5,4,7.400294581,111.2126565,222.4580104,7.400294581
5,5,9.198535745,127.4957863,218.1030518,9.198535745
5,6,11.09156037,141.7499436,214.8100803,11.09156037
5,7,13.12471254,153.8572889,212.4049271,13.12471254
5,8,15.35863604,163.5051451,210.8109612,15.35863604
5,9,17.88287478,170.2447911,210.0247643,17.88287478
5,10,20.82942545,174.5581518,210.0940622,20.82942545
5,11,24.37722507,175.5926766,211.0760313,24.37722507
5,12,28.7234052,171.7349288,212.945618,28.7234052
5,13,34.02750949,163.322533,215.5158006,34.02750949
5,14,40.4449252,151.5185094,218.5659891,40.4449252
5,15,48.19024576,137.8752625,221.9651665,48.19024576
5,16,57.55505535,123.056151,225.6358916,57.55505535
5,17,68.93081507,107.4039163,229.5320441,68.93081507
5,18,82.69526843,91.31746476,233.581232,82.69526843
5,19,98.78647487,75.58977025,237.6088221,98.78647487
5,20,116.0789162,61.46016593,241.3107304,116.0789162
5,21,132.4308445,49.94262858,244.3876101,132.4308445
5,22,146.0743882,41.08858638,246.7065427,146.0743882
5,23,157.6002221,34.67174177,248.1333774,157.6002221
5,24,168.859488,29.61672077,249.2982925,168.859488
5,25,180.0030503,25.65639205,250.320233,180.0030503
5,26,191.0368984,22.61010533,251.2336131,191.0368984
5,27,201.9662345,20.14054064,252.0584838,201.9662345
5,28,212.8030208,18.11091989,252.8162102,212.8030208
5,29,223.5581356,16.42934637,253.5228833,223.5581356
5,30,234.2384566,15.0181432,254.1850073,234.2384566
5,31,244.8610094,13.82089776,254.8187758,244.8610094
5,32,255.4259439,12.79818408,255.4255444,255.4259439
5,33,265.9446166,11.91376336,256.0141359,265.9446166
5,34,276.4161216,11.14612272,256.5830985,276.4161216
5,35,286.8458702,10.47285912,257.1386381,286.8458702
5,36,297.2408267,9.88033558,257.6825198,297.2408267
5,37,307.5996092,9.354390627,258.2151983,307.5996092
5,38,317.9305648,8.885423323,258.7431124,317.9305648
5,39,328.2310849,8.465453277,259.2633687,328.2310849
5,40,338.5079645,8.087469459,259.7811583,338.5079645
5,41,348.754815,7.745696959,260.2916025,348.754815
5,42,358.9758487,7.43727569,260.7960561,358.9758487
5,43,369.1741215,7.156345462,261.2985839,369.1741215
5,44,379.3527847,6.899856281,261.800868,379.3527847
5,45,389.5024285,6.666341895,262.2943686,389.5024285
5,46,399.6297329,6.452725542,262.7846496,399.6297329
5,47,409.7392362,6.256915393,263.2742297,409.7392362
5,48,419.8257457,6.076604309,263.7599179,419.8257457
5,49,429.8889375,5.91108758,264.2407045,429.8889375
5,50,439.9311491,5.76527551,264.7182179,439.9311491
5.5,1,1.963675211,44.61488632,275.198998,1.963675211
5.5,2,3.846947187,71.36700108,262.0050763,3.846947187
5.5,3,5.579976862,92.82893226,253.519801,5.579976862
5.5,4,7.280187925,111.5720109,247.2425698,7.280187925
5.5,5,9.017169996,128.3067202,242.3962841,9.017169996
5.5,6,10.82728285,143.2548701,238.6183729,10.82728285
5.5,7,12.74449043,156.4028008,235.7116648,12.74449043
5.5,8,14.810919,167.5712116,233.5758425,14.810919
5.5,9,17.08448796,176.4288373,232.1722588,17.08448796
5.5,10,19.6482432,182.5713117,231.5143969,19.6482432
5.5,11,22.62069495,186.4984338,231.6509436,22.62069495
5.5,12,26.15578577,187.3206468,232.6293143,26.15578577
5.5,13,30.41787618,183.4489145,234.4225362,30.41787618
5.5,14,35.54314303,175.6084807,236.8765882,35.54314303
5.5,15,41.66997015,164.4942742,239.8158757,41.66997015
5.5,16,48.97599487,151.5183808,243.1208481,48.97599487
5.5,17,57.69945431,137.2723337,246.7154516,57.69945431
5.5,18,68.18351559,122.0499415,250.5638029,68.18351559
5.5,19,80.85729566,106.0780395,254.6372078,80.85729566
5.5,20,96.01987528,89.80074453,258.8457654,96.01987528
5.5,21,113.2639484,74.20236192,262.9552081,113.2639484
5.5,22,131.0389739,60.56036951,266.6307875,131.0389739
5.5,23,147.1143981,49.66299604,269.6058106,147.1143981
5.5,24,160.1747697,41.41559609,271.7281826,160.1747697
5.5,25,171.5998279,35.32140978,273.093677,171.5998279
5.5,26,182.8498498,30.42623643,274.2544406,182.8498498
5.5,27,193.9920535,26.54486241,275.2854806,193.9920535
5.5,28,205.0272968,23.53539067,276.2102881,205.0272968
5.5,29,215.9660375,21.06581353,277.0546566,215.9660375
5.5,30,226.8133031,19.02415877,277.8322701,226.8133031
5.5,31,237.58369,17.3150071,278.559428,237.58369
5.5,32,248.2828841,15.87385115,279.2449789,248.2828841
5.5,33,258.9199126,14.64518775,279.897698,258.9199126
5.5,34,269.5045226,13.58709355,280.5261582,269.5045226
5.5,35,280.0423789,12.66925635,281.1356141,280.0423789
5.5,36,290.535624,11.86845319,281.7278745,290.535624
5.5,37,300.9845638,11.16564081,282.3013231,300.9845638
5.5,38,311.399488,10.54280261,282.8650871,311.399488
5.5,39,321.7835904,9.988571797,283.4217591,321.7835904
5.5,40,332.1330408,9.493968253,283.967112,332.1330408
5.5,41,342.4573004,9.048701716,284.5088448,342.4573004
5.5,42,352.7552627,8.647726807,285.0453765,352.7552627
5.5,43,363.021779,8.284836029,285.572525,363.021779
5.5,44,373.2672027,7.955442404,286.0982826,373.2672027
5.5,45,383.48885,7.65481795,286.6204516,383.48885
5.5,46,393.6907916,7.379596562,287.1421472,393.6907916
5.5,47,403.8666851,7.128168255,287.6570356,403.8666851
5.5,48,414.0182945,6.898053321,288.166367,414.0182945
5.5,49,424.1593046,6.685270658,288.682056,424.1593046
5.5,50,434.2703347,6.489997223,289.1873906,434.2703347
6,1,1.943967145,44.46705128,301.9528746,1.943967145
6,2,3.806030712,71.26879493,288.0155503,3.806030712
6,3,5.516163478,92.83864144,278.9786657,5.516163478
6,4,7.179621266,111.7740598,272.2215438,7.179621266
6,5,8.866879736,128.8318547,266.9238428,8.866879736
6,6,10.61183015,144.2719645,262.7063791,10.61183015
6,7,12.44172438,158.1519015,259.3556191,12.44172438
6,8,14.38775235,170.3816268,256.752867,14.38775235
6,9,16.49002563,180.7426191,254.8376907,16.49002563
6,10,18.80361536,188.9196867,253.5955853,18.80361536
6,11,21.40555961,194.5353428,253.0478995,21.40555961
6,12,24.40278729,198.068123,253.2420209,24.40278729
6,13,27.92775694,198.6106853,254.2153506,27.92775694
6,14,32.11818766,194.7075002,255.9371225,32.11818766
6,15,37.09342479,187.3900263,258.2831262,37.09342479
6,16,42.97736733,176.9106705,261.1134034,42.97736733
6,17,49.91894555,164.5797927,264.3199445,49.91894555
6,18,58.11262543,150.9215333,267.8275635,58.11262543
6,19,67.8444885,136.2117983,271.6017258,67.8444885
6,20,79.51444341,120.6021901,275.6331308,79.51444341
6,21,93.56159346,104.2990896,279.8919374,93.56159346
6,22,110.0990621,87.89365843,284.2442068,110.0990621
6,23,128.2822521,72.5673211,288.3887968,128.2822521
6,24,146.2236806,59.53198454,291.9891369,146.2236806
6,25,161.7899315,49.2898182,294.8299606,161.7899315
6,26,174.2621852,41.66578764,296.7331527,174.2621852
6,27,185.6368715,35.84740101,298.0605222,185.6368715
6,28,196.8764631,31.10907338,299.2163028,196.8764631
6,29,208.0158674,27.32026865,300.2535887,208.0158674
6,30,219.0517597,24.35390523,301.190105,219.0517597
6,31,229.9942484,21.89929907,302.048085,229.9942484
6,32,240.8504599,19.85279845,302.8430894,240.8504599
6,33,251.629357,18.13027981,303.5853542,251.629357
6,34,262.3455902,16.66536299,304.2935162,262.3455902
6,35,273.0000869,15.40975393,304.9679421,273.0000869
6,36,283.5998413,14.32519955,305.6152805,283.5998413
6,37,294.1574307,13.37755695,306.2471031,294.1574307
6,38,304.6642039,12.55024597,306.853885,304.6642039
6,39,315.1347151,11.82047613,307.4493179,315.1347151
6,40,325.5689398,11.17229668,308.0327313,325.5689398
6,41,335.9672264,10.59397815,308.604664,335.9672264
6,42,346.3382379,10.07508794,309.1702871,346.3382379
6,43,356.6758388,9.609797911,309.7251589,356.6758388
6,44,366.9928919,9.187287228,310.2805198,366.9928919
6,45,377.2833979,8.804220842,310.8292085,377.2833979
6,46,387.5502204,8.455140113,311.3742426,387.5502204
6,47,397.788874,8.136895794,311.9114542,397.788874
6,48,408.012589,7.844453031,312.4521793,408.012589
6,49,418.2157155,7.576536868,312.9903327,418.2157155
6,50,428.3929003,7.330448093,313.5211438,428.3929003
6.5,1,1.92673506,44.31749381,328.7754058,1.92673506
6.5,2,3.769520209,71.15069436,314.1283936,3.769520209
6.5,3,5.461054252,92.7961225,304.5680243,5.461054252
6.5,4,7.094087959,111.8673011,297.3633723,7.094087959
6.5,5,8.740207998,129.1572775,291.6473628,8.740207998
6.5,6,10.43221933,144.9554737,287.0260859,10.43221933
6.5,7,12.19344222,159.3642774,283.2740051,12.19344222
6.5,8,14.04825213,172.3541822,280.2580528,14.04825213
6.5,9,16.0261016,183.7932752,277.9028975,16.0261016
6.5,10,18.16562689,193.4523841,276.1745762,18.16562689
6.5,11,20.51887313,201.0266951,275.0707197,20.51887313
6.5,12,23.15815932,206.1621631,274.6204555,23.15815932
6.5,13,26.17804801,209.2697019,274.8631597,26.17804801
6.5,14,29.6944249,209.4770815,275.8281798,29.6944249
6.5,15,33.82298886,205.56491,277.4828678,33.82298886
6.5,16,38.67066845,198.722478,279.728753,38.67066845
6.5,17,44.34933594,188.8267751,282.4545352,44.34933594
6.5,18,50.98496473,177.1086,285.5621926,50.98496473
6.5,19,58.73771413,164.0291308,288.9783113,58.73771413
6.5,20,67.84156783,149.8589615,292.666133,67.84156783
6.5,21,78.64151828,134.7251997,296.6217052,78.64151828
6.5,22,91.5892555,118.7072339,300.8489954,91.5892555
6.5,23,107.0736151,102.0774531,305.2970422,107.0736151
6.5,24,124.8838342,85.66386163,309.7582096,124.8838342
6.5,25,143.7330857,70.76308868,313.8886369,143.7330857
6.5,26,161.5109483,58.43722076,317.3631165,161.5109483
6.5,27,176.3821554,48.87532712,320.0316965,176.3821554
6.5,28,188.3603822,41.83396177,321.7284564,188.3603822
6.5,29,199.7058282,36.26447242,323.0295391,199.7058282
6.5,30,210.9401862,31.67928951,324.1852751,210.9401862
6.5,31,222.0730133,27.99770135,325.2255127,222.0730133
6.5,32,233.1050266,25.08217629,326.1677295,233.1050266
6.5,33,244.0507454,22.64910922,327.0386813,244.0507454
6.5,34,254.9111808,20.60712895,327.8457144,254.9111808
6.5,35,265.6992766,18.87704391,328.6060022,265.6992766
6.5,36,276.4250812,17.39771017,329.3291757,276.4250812
6.5,37,287.0944129,16.1218667,330.0238672,287.0944129
6.5,38,297.711564,15.01379439,330.6921541,297.711564
6.5,39,308.2800954,14.04497605,331.3383311,308.2800954
6.5,40,318.8007882,13.19638222,331.9623148,318.8007882
6.5,41,329.2886584,12.44202453,332.5769115,329.2886584
6.5,42,339.7394003,11.7716261,333.1779409,339.7394003
6.5,43,350.1596229,11.17101278,333.7718798,350.1596229
6.5,44,360.541697,10.63306024,334.3505589,360.541697
6.5,45,370.8976733,10.14659948,334.9234965,370.8976733
6.5,46,381.234597,9.704122805,335.4969428,381.234597
6.5,47,391.5459836,9.302579452,336.0659712,391.5459836
6.5,48,401.8269533,8.937081514,336.623917,401.8269533
6.5,49,412.0905675,8.601733876,337.1837641,412.0905675
6.5,50,422.3322291,8.29384577,337.7410448,422.3322291
7,1,1.911513414,44.16877615,355.6552241,1.911513414
7,2,3.736783257,71.01992946,340.3282923,3.736783257
7,3,5.412952884,92.71924142,330.2710615,5.412952884
7,4,7.020364919,111.8829815,322.6433608,7.020364919
7,5,8.631981644,129.3409342,316.5373638,8.631981644
7,6,10.27988527,145.4036506,311.541025,10.27988527
7,7,11.98518426,160.1996252,307.4196135,11.98518426
7,8,13.76811433,173.7481341,304.0312193,13.76811433
7,9,15.6512925,185.974313,301.2878535,15.6512925
7,10,17.66288695,196.7174902,299.1403371,17.66288695
7,11,19.84030009,205.7511011,297.5725706,19.84030009
7,12,22.2328062,212.7825856,296.5912207,22.2328062
7,13,24.9073549,217.4556015,296.2253634,24.9073549
7,14,27.9488828,220.0943206,296.5094736,27.9488828
7,15,31.45636118,219.9455083,297.4619803,31.45636118
7,16,35.53075102,216.0698567,299.0535995,35.53075102
7,17,40.26910604,209.6549811,301.2075861,40.26910604
7,18,45.77179334,200.3010481,303.8336124,45.77179334
7,19,52.1480833,189.1552532,306.8445534,52.1480833
7,20,59.53005015,176.6336472,310.1683741,59.53005015
7,21,68.10936002,162.9999391,313.7658302,68.10936002
7,22,78.17338828,148.3791994,317.6315445,78.17338828
7,23,90.12951411,132.8058438,321.7820414,90.12951411
7,24,104.4612655,116.3488259,326.2208004,104.4612655
7,25,121.39307,99.45107806,330.8438035,121.39307
7,26,140.2878391,83.19245048,335.3646943,140.2878391
7,27,159.4765822,68.87432663,339.4230435,159.4765822
7,28,176.7920678,57.32001553,342.7365246,176.7920678
7,29,190.8266625,48.47989825,345.1769014,190.8266625
7,30,202.4819968,41.92850372,346.7221605,202.4819968
7,31,213.8065828,36.58954309,348.0030326,213.8065828
7,32,225.0297759,32.15776188,349.1525363,225.0297759
7,33,236.1556788,28.58993867,350.1939279,236.1556788
7,34,247.1856569,25.72823671,351.1442709,247.1856569
7,35,258.1315474,23.3238195,352.0251171,258.1315474
7,36,268.9979828,21.29329684,352.8465764,268.9979828
7,37,279.7932158,19.56115849,353.6212151,279.7932158
7,38,290.5301568,18.07130138,354.363323,290.5301568
7,39,301.2071431,16.7826979,355.0712684,301.2071431
7,40,311.8368192,15.65815024,355.7566235,311.8368192
7,41,322.4101153,14.67553024,356.4111427,322.4101153
7,42,332.9445728,13.8055051,357.0527987,332.9445728
7,43,343.4476764,13.0326759,357.6853217,343.4476764
7,44,353.9159409,12.34117605,358.3060692,353.9159409
7,45,364.3468227,11.72292158,358.9114501,364.3468227
7,46,374.7515845,11.16375808,359.5131175,374.7515845
7,47,385.1261791,10.65928315,360.1054081,385.1261791
7,48,395.4741627,10.20112013,360.6912019,395.4741627
7,49,405.7984513,9.783529533,361.2732427,405.7984513
7,50,416.0983378,9.401420341,361.8505946,416.0983378
7.5,1,1.897977783,44.02081486,382.5853839,1.897977783
7.5,2,3.707076183,70.88044627,366.6034894,3.707076183
7.5,3,5.370450476,92.61459259,356.0707871,5.370450476
7.5,4,6.956404269,111.8419795,348.0440747,6.956404269
7.5,5,8.538271651,129.4217461,341.5694123,8.538271651
7.5,6,10.14891703,145.6808783,336.2229012,10.14891703
7.5,7,11.80785865,160.7662145,331.7595496,11.80785865
7.5,8,13.53246547,174.7291204,328.030284,13.53246547
7.5,9,15.34041554,187.5386879,324.9348719,15.34041554
7.5,10,17.25420278,199.0883061,322.4186959,17.25420278
7.5,11,19.30063742,209.2145054,320.4499355,19.30063742
7.5,12,21.51607265,217.6800233,319.0233181,21.51607265
7.5,13,23.94689712,224.2009164,318.1499151,23.94689712
7.5,14,26.65463454,228.4117007,317.8576272,26.65463454
7.5,15,29.71499732,230.5339218,318.1745909,29.71499732
7.5,16,33.21462891,230.0536961,319.1129372,33.21462891
7.5,17,37.24146328,226.4815821,320.6458631,37.24146328
7.5,18,41.88457992,220.2316126,322.7144099,41.88457992
7.5,19,47.23549408,211.3764765,325.2467496,47.23549408
7.5,20,53.38876532,200.7669802,328.1634866,53.38876532
7.5,21,60.45539459,188.7771868,331.3959702,60.45539459
7.5,22,68.59360578,175.6616084,334.9031908,68.59360578
7.5,23,78.03881996,161.5559162,338.6746376,78.03881996
7.5,24,89.14029791,146.4856119,342.7288427,89.14029791
7.5,25,102.3697944,130.4269675,347.0951374,102.3697944
7.5,26,118.1750723,113.5290017,351.7510665,118.1750723
7.5,27,136.4839734,96.48431226,356.5148989,136.4839734
7.5,28,156.1963017,80.56801354,361.0355484,156.1963017
7.5,29,175.3790717,66.96619939,364.9719943,175.3790717
7.5,30,191.9701646,56.22583974,368.0859561,191.9701646
7.5,31,205.1319963,48.13029737,370.2568476,205.1319963
7.5,32,216.6275511,41.95798817,371.7136538,216.6275511
7.5,33,227.9352132,36.83472495,372.9761309,227.9352132
7.5,34,239.1470926,32.55272632,374.1188299,239.1470926
7.5,35,250.2652999,29.10105456,375.1616194,250.2652999
7.5,36,261.2919885,26.30141199,376.1182691,261.2919885
7.5,37,272.2373606,23.93028379,377.0086376,272.2373606
7.5,38,283.1039031,21.91658416,377.8391226,283.1039031
7.5,39,293.9071817,20.18777313,378.6295299,293.9071817
7.5,40,304.645434,18.69480895,379.3803352,304.645434
7.5,41,315.3327793,17.39801393,380.1050318,315.3327793
7.5,42,325.9743916,16.26079842,380.8063963,325.9743916
7.5,43,336.5552997,15.26395405,381.4748286,336.5552997
7.5,44,347.1097598,14.3773494,382.1387827,347.1097598
7.5,45,357.6200621,13.58910037,382.782169,357.6200621
7.5,46,368.0973177,12.88276726,383.414507,368.0973177
7.5,47,378.5473971,12.24532276,384.041934,378.5473971
7.5,48,388.9643039,11.6712644,384.6573601,388.9643039
7.5,49,399.3522637,11.15081927,385.264641,399.3522637
7.5,50,409.7098521,10.67750859,385.8621633,409.7098521
8,1,1.885887653,43.87308566,409.5610604,1.885887653
8,2,3.679988168,70.73332834,392.945964,3.679988168
8,3,5.332520448,92.49006557,381.9559476,5.332520448
8,4,6.900127062,111.7598583,373.5480219,6.900127062
8,5,8.456421932,129.4276167,366.725623,8.456421932
8,6,10.03522995,145.8306476,361.0506924,10.03522995
8,7,11.65467092,161.1376344,356.2669195,11.65467092
8,8,13.33037981,175.4147037,352.2193684,13.33037981
8,9,15.07748435,188.6645473,348.8041852,15.07748435
8,10,16.91344698,200.8194854,345.9547851,16.91344698
8,11,18.85921567,211.7659896,343.633133,18.85921567
8,12,20.94144836,221.3248343,341.8211811,20.94144836
8,13,23.19434598,229.2642704,340.5190808,23.19434598
8,14,25.66215646,235.2900759,339.741457,25.66215646
8,15,28.40087405,239.0201533,339.5130565,28.40087405
8,16,31.47807383,240.5937733,339.8557112,31.47807383
8,17,34.96964415,239.846106,340.7774764,34.96964415
8,18,38.95440715,236.5693114,342.2557188,38.95440715
8,19,43.51446485,230.4879434,344.246161,43.51446485
8,20,48.73267415,222.0937544,346.6898761,48.73267415
8,21,54.69253735,211.9831577,349.5158197,54.69253735
8,22,61.48802395,200.4968026,352.6588072,61.48802395
8,23,69.25124255,187.8785536,356.0770339,69.25124255
8,24,78.17536051,174.273203,359.7547624,78.17536051
8,25,88.5515056,159.7151443,363.7067684,88.5515056
8,26,100.7980177,144.1538338,367.9705126,100.7980177
8,27,115.4302512,127.565406,372.5737857,115.4302512
8,28,132.7479351,110.2758901,377.4358561,132.7479351
8,29,152.2633356,93.26448187,382.2850604,152.2633356
8,30,172.4723072,77.87547968,386.7470502,172.4723072
8,31,191.2848452,65.11270547,390.5017333,191.2848452
8,32,206.971115,55.17878959,393.3973588,206.971115
8,33,219.3701059,47.79817287,395.2930422,219.3701059
8,34,230.7921278,41.93725001,396.6961374,230.7921278
8,35,242.0868388,37.01243739,397.9466586,242.0868388
8,36,253.2855988,32.87819228,399.0817961,253.2855988
8,37,264.3977019,29.5475813,400.1267438,264.3977019
8,38,275.4187592,26.80776721,401.0873644,275.4187592
8,39,286.3616239,24.47589598,401.9843963,286.3616239
8,40,297.2320763,22.48042412,402.8287986,297.2320763
8,41,308.0411733,20.76142839,403.6329973,308.0411733
8,42,318.7835644,19.26950258,404.393513,318.7835644
8,43,329.478899,17.9687194,405.132617,329.478899
8,44,340.1193682,16.82591404,405.8403031,340.1193682
8,45,350.7207363,15.8130308,406.531892,350.7207363
8,46,361.2814078,14.91535877,407.2068163,361.2814078
8,47,371.8100838,14.1107952,407.8725981,371.8100838
8,48,382.2983446,13.39107654,408.5191381,382.2983446
8,49,392.7507918,12.74306274,409.152678,392.7507918
8,50,403.1783022,12.15484402,409.7814983,403.1783022
8.5,1,1.875029727,43.72583167,436.5764323,1.875029727
8.5,2,3.655104807,70.58102524,419.3476643,3.655104807
8.5,3,5.298352445,92.35148568,407.9155235,5.298352445
8.5,4,6.850464022,111.6456714,399.1440132,6.850464022
8.5,5,8.384479149,129.3752991,391.9907973,8.384479149
8.5,6,9.935213162,145.8886802,386.0019114,9.935213162
8.5,7,11.52095172,161.3598944,380.9184865,11.52095172
8.5,8,13.15525798,175.875246,376.5740024,13.15525798
8.5,9,14.85169615,189.4604675,372.8629387,14.85169615
8.5,10,16.62413174,202.0790368,369.7091901,16.62413174
8.5,11,18.48968126,213.6512812,367.0699066,18.48968126
8.5,12,20.46853881,224.0451921,364.9182042,20.46853881
8.5,13,22.58655857,233.0770039,363.2445439,22.58655857
8.5,14,24.87635407,240.51412,362.0539606,24.87635407
8.5,15,27.37933732,246.0443407,361.3611034,27.37933732
8.5,16,30.14662431,249.2675449,361.1873997,30.14662431
8.5,17,33.23852344,250.2987673,361.5500191,33.23852344
8.5,18,36.72213071,249.3646349,362.453221,36.72213071
8.5,19,40.66944045,246.3267549,363.8802663,40.66944045
8.5,20,45.15617179,240.4571286,365.7988084,45.15617179
8.5,21,50.25761962,232.4868589,368.1590716,50.25761962
8.5,22,56.04764576,222.8426886,370.8975713,56.04764576
8.5,23,62.60820065,211.8289518,373.954204,62.60820065
8.5,24,70.04939182,199.6855424,377.2854555,70.04939182
8.5,25,78.53196595,186.5570638,380.8724024,78.53196595
8.5,26,88.29512134,172.4959649,384.7234687,88.29512134
8.5,27,99.69437412,157.4575628,388.8743657,99.69437412
8.5,28,113.223764,141.3418057,393.3754272,113.223764
8.5,29,129.3711848,124.2100414,398.2246015,129.3711848
8.5,30,148.1535312,106.6511746,403.2559624,148.1535312
8.5,31,168.617838,89.88890914,408.1251083,168.617838
8.5,32,188.9559416,75.20186412,412.4659927,188.9559416
8.5,33,207.0814683,63.34475935,416.0003651,207.0814683
8.5,34,221.71978,54.23992114,418.6281339,221.71978
8.5,35,233.5974528,47.44788136,420.3106814,233.5974528
8.5,36,244.9816722,41.86108139,421.6777715,244.9816722
8.5,37,256.2621015,37.129086,422.9161861,256.2621015
8.5,38,267.4488942,33.13430389,424.0454639,267.4488942
8.5,39,278.5519797,29.93440088,425.0897695,278.5519797
8.5,40,289.5662269,27.25662946,426.0520633,289.5662269
8.5,41,300.5090386,24.9641359,426.9585397,300.5090386
8.5,42,311.3774572,22.9954355,427.8082137,311.3774572
8.5,43,322.1884041,21.28741003,428.6232207,322.1884041
8.5,44,332.9389781,19.79953657,429.3999882,332.9389781
8.5,45,343.635076,18.49819167,430.1467405,343.635076
8.5,46,354.2865234,17.34947399,430.8715453,354.2865234
8.5,47,364.8936012,16.33087315,431.5751046,364.8936012
8.5,48,375.4613138,15.42399846,432.2612065,375.4613138
8.5,49,385.9947643,14.60934719,432.9355616,385.9947643
8.5,50,396.495059,13.87763786,433.5984193,396.495059
9,1,1.865218674,43.58240717,463.6236606,1.865218674
9,2,3.632250123,70.42446735,445.8027995,3.632250123
9,3,5.267403478,92.20142086,433.9422779,5.267403478
9,4,6.806244106,111.5066208,424.8209408,6.806244106
9,5,8.320740479,129.2796336,417.3521046,8.320740479
9,6,9.847056467,145.8728835,411.0663907,9.847056467
9,7,11.40328136,161.4694642,405.6985387,11.40328136
9,8,13.0018741,176.1717182,401.0747095,13.0018741
9,9,14.65508761,190.0140068,397.0852999,14.65508761
9,10,16.3747345,202.9878391,393.6509379,16.3747345
9,11,18.1745825,215.043422,390.7216527,18.1745825
9,12,20.07086899,226.080458,388.2647325,20.07086899
9,13,22.08325715,235.9617209,386.2630702,22.08325715
9,14,24.23701996,244.4926335,384.7137584,24.23701996
9,15,26.56266325,251.4324019,383.622897,26.56266325
9,16,29.09872629,256.4494087,383.0042868,29.09872629
9,17,31.89198959,259.1542365,382.8769407,31.89198959
9,18,34.99633954,259.6888576,383.2535993,34.99633954
9,19,38.47243378,258.7198738,384.1374334,38.47243378
9,20,42.38601517,255.7945505,385.517126,42.38601517
9,21,46.80788026,250.1651195,387.3693793,46.80788026
9,22,51.80579825,242.5849656,389.6512812,51.80579825
9,23,57.445955,233.3737439,392.3063586,57.445955
9,24,63.80019819,222.8073307,395.2790314,63.80019819
9,25,70.96241903,211.1124137,398.5262243,70.96241903
9,26,79.06618461,198.4412242,402.0249523,79.06618461
9,27,88.30955144,184.853034,405.779136,88.30955144
9,28,98.98983705,170.3228697,409.8183359,98.98983705
9,29,111.5391788,154.7446095,414.195431,111.5391788
9,30,126.4996257,138.0175394,418.958587,126.4996257
9,31,144.2184799,120.3868287,424.0412277,144.2184799
9,32,164.3089615,102.7543761,429.1825267,164.3089615
9,33,185.4007582,86.45490528,434.0057295,185.4007582
9,34,205.4858671,72.62030976,438.1646004,205.4858671
9,35,222.6761563,61.6868641,441.4532818,222.6761563
9,36,236.2249834,53.4280994,443.7615264,236.2249834
9,37,247.8291511,47.08860731,445.3104679,247.8291511
9,38,259.1949207,41.7352087,446.659841,259.1949207
9,39,270.4607344,37.18967107,447.8849641,270.4607344
9,40,281.6345395,33.33483787,449.0069577,281.6345395
9,41,292.724046,30.26570258,450.0453295,292.724046
9,42,303.7326551,27.6522572,451.011647,303.7326551
9,43,314.6728791,25.4024346,451.9248628,314.6728791
9,44,325.5442548,23.45849512,452.7868514,325.5442548
9,45,336.3567859,21.76660651,453.6124815,336.3567859
9,46,347.107601,20.28938334,454.3965493,347.107601
9,47,357.8078617,18.98869735,455.1544506,357.8078617
9,48,368.4697642,17.83726402,455.8954627,368.4697642
9,49,379.0812926,16.813914,456.6083665,379.0812926
9,50,389.6544144,15.89979966,457.3056106,389.6544144
9.5,1,1.856333747,43.43819353,490.7052543,1.856333747
9.5,2,3.611079921,70.26765421,472.3027811,3.611079921
9.5,3,5.239200874,92.0405855,460.0316103,5.239200874
9.5,4,6.766645853,111.3522009,450.5712225,6.766645853
9.5,5,8.263970913,129.1499264,442.7991646,8.263970913
9.5,6,9.768707728,145.8008452,436.2301117,9.768707728
9.5,7,11.29874332,161.4906339,430.5895878,11.29874332
9.5,8,12.86637422,176.3694284,425.7027885,12.86637422
9.5,9,14.48237153,190.380204,421.4522963,14.48237153
9.5,10,16.15715397,203.6298907,417.7558493,16.15715397
9.5,11,17.90199743,216.0580078,414.5581924,17.90199743
9.5,12,19.73069442,227.6003828,411.8234964,19.73069442
9.5,13,21.65848905,238.1395079,409.5274486,21.65848905
9.5,14,23.70470795,247.5318914,407.6603101,23.70470795
9.5,15,25.89312361,255.5731513,406.2216051,25.89312361
9.5,16,28.25310432,262.0072039,405.2196703,28.25310432
9.5,17,30.82021277,266.4937799,404.666791,30.82021277
9.5,18,33.6368451,268.6986763,404.5778276,33.6368451
9.5,19,36.75188536,268.80923,404.9638161,36.75188536
9.5,20,40.22117643,268.0642561,405.8288126,40.22117643
9.5,21,44.10551602,265.0125576,407.1659965,44.10551602
9.5,22,48.46884119,259.6326331,408.9563765,48.46884119
9.5,23,53.37365752,252.4128033,411.1637309,53.37365752
9.5,24,58.88045333,243.6054263,413.7390946,58.88045333
9.5,25,65.05229004,233.4606446,416.6304892,65.05229004
9.5,26,71.9704098,222.191097,419.7962511,71.9704098
9.5,27,79.7469202,209.9496105,423.2111892,79.7469202
9.5,28,88.54562504,196.8137503,426.8722779,88.54562504
9.5,29,98.61459591,182.7705385,430.8033343,98.61459591
9.5,30,110.3198287,167.7255382,435.0543868,110.3198287
9.5,31,124.1741723,151.5257715,439.6920536,124.1741723
9.5,32,140.6935446,134.1662512,444.7273959,140.6935446
9.5,33,159.9568669,116.1602838,450.0066664,159.9568669
9.5,34,181.1086631,98.68295272,455.1886091,181.1086631
9.5,35,202.4407683,83.06118807,459.8915416,202.4407683
9.5,36,221.9022923,70.18727225,463.8182442,221.9022923
9.5,37,237.9719502,60.17951773,466.8300241,237.9719502
9.5,38,250.5901896,52.69757297,468.8276252,250.5901896
9.5,39,262.0796847,46.70008123,470.3064867,262.0796847
9.5,40,273.4252612,41.57678129,471.6343787,273.4252612
9.5,41,284.676535,37.20542633,472.8472864,284.676535
9.5,42,295.8355782,33.51678367,473.9609062,295.8355782
9.5,43,306.912618,30.55071551,474.9946796,306.912618
9.5,44,317.9193538,27.99608051,475.9686225,317.9193538
9.5,45,328.8555784,25.79033715,476.8875475,328.8555784
9.5,46,339.7272469,23.87640603,477.7600051,339.7272469
9.5,47,350.5387708,22.20509508,478.5918208,350.5387708
9.5,48,361.2944292,20.73776325,479.388372,361.2944292
9.5,49,371.9944277,19.4435392,480.1513464,371.9944277
9.5,50,382.6563746,18.29301746,480.8987433,382.6563746
10,1,1.848269555,43.29475752,517.8161685,1.848269555
10,2,3.591478542,70.10624105,498.8486435,3.591478542
10,3,5.213254057,91.87486793,486.1732481,5.213254057
10,4,6.730935822,111.1827615,476.3858194,6.730935822
10,5,8.21315912,128.993832,468.3233047,8.21315912
10,6,9.698635219,145.6855099,461.4825224,9.698635219
10,7,11.20561101,161.53066,455.5838767,11.20561101
10,8,12.74580294,176.5821222,450.4447397,12.74580294
10,9,14.32919905,190.7643457,445.946801,14.32919905
10,10,15.96525533,204.066215,442.004495,15.96525533
10,11,17.66366802,216.7893175,438.557255,17.66366802
10,12,19.43573,228.7254517,435.5657364,19.43573
10,13,21.29381102,239.7849957,433.0014176,21.29381102
10,14,23.25348424,249.8507639,430.8487306,23.25348424
10,15,25.33301776,258.7677365,429.1023971,25.33301776
10,16,27.55558205,266.3199941,427.7642407,27.55558205
10,17,29.94823365,272.229763,426.8412064,29.94823365
10,18,32.54408097,276.1801238,426.3454313,32.54408097
10,19,35.3816533,277.9405164,426.2885206,35.3816533
10,20,38.5060014,277.699873,426.6799443,38.5060014
10,21,41.96877312,277.0972081,427.5262983,41.96877312
10,22,45.82633811,274.0151824,428.8233154,45.82633811
10,23,50.13701601,268.8806002,430.5562559,50.13701601
10,24,54.9585442,261.9922279,432.6940126,54.9585442
10,25,60.34554226,253.5622041,435.1931184,60.34554226
10,26,66.35499988,243.8141537,438.0061588,66.35499988
10,27,73.05755644,232.9479697,441.0932128,73.05755644
10,28,80.54851417,221.1158671,444.4272504,80.54851417
10,29,88.96484121,208.4034364,448.0006569,88.96484121
10,30,98.51239763,194.817741,451.8302461,98.51239763
10,31,109.4960069,180.2871825,455.9587496,109.4960069
10,32,122.3695771,164.6493182,460.4563036,122.3695771
10,33,137.6915312,147.7644283,465.379564,137.6915312
10,34,155.8441181,129.8120979,470.6750579,155.8441181
10,35,176.5078417,111.6295365,476.0904166,176.5078417
10,36,198.3916029,94.55620419,481.235925,198.3916029
10,37,219.5699079,79.78626214,485.7585943,219.5699079
10,38,238.0905765,67.93541642,489.4099885,238.0905765
10,39,252.9189321,58.8467953,492.1043276,252.9189321
10,40,264.9090728,52.00072684,493.8582491,264.9090728
10,41,276.3498157,46.28578407,495.2990162,276.3498157
10,42,287.6754663,41.38331214,496.605654,287.6754663
10,43,298.9072074,37.1879374,497.8028538,298.9072074
10,44,310.0583134,33.66532302,498.9149474,310.0583134
10,45,321.1268718,30.78540676,499.948949,321.1268718
10,46,332.1249078,28.29668573,500.9241532,332.1249078
10,47,343.0539705,26.13866468,501.8436526,343.0539705
10,48,353.923042,24.25534042,502.7219993,353.923042
10,49,364.7303216,22.60471245,503.5573398,364.7303216
10,50,375.4897916,21.15053881,504.366635,375.4897916
